ec5_uuid,created_at,uploaded_at,title,1_Surveyor_Name,lat_2_Location,long_2_Location,accuracy_2_Location,UTM_Northing_2_Location,UTM_Easting_2_Location,UTM_Zone_2_Location,3_Park_Location,4_Tree_ID,5_Photo,6_Diameter_at_Breast,7_Tree_Height_ft,8_Tree_Spread_tip_to,9_Tree_Spread_tip_to,10_Tree_Condition,11_Notes_eg_mushroom,Species
cde11e5b-4a35-489f-9873-c4f8a7886092,2026-01-11T22:22:30.000Z,2026-01-11T22:24:05.000Z,cde11e5b-4a35-489f-9873-c4f8a7886092,Matt,39.66886,-75.7611,5,4391281,434718,18S,JH-W,8,https://five.epicollect.net/api/media/newark-parks-and-recreation-tree-inventory?type=photo&format=entry_original&name=cde11e5b-4a35-489f-9873-c4f8a7886092_1768169949.jpg,30,80,50,50,Good,Spread are estimated,
90e1159f-8421-4065-88f4-cddc013964b6,2026-01-11T22:18:02.000Z,2026-01-11T22:24:03.000Z,90e1159f-8421-4065-88f4-cddc013964b6,Matt,39.66894,-75.7611,11,4391290,434719,18S,JH-W,30,https://five.epicollect.net/api/media/newark-parks-and-recreation-tree-inventory?type=photo&format=entry_original&name=90e1159f-8421-4065-88f4-cddc013964b6_1768169692.jpg,36,70,35,35,Poor,"Possible rot, multi branch, estimate on spread",
e11b344e-919e-42d8-80d0-82123449111c,2026-01-11T22:13:31.000Z,2026-01-11T22:24:02.000Z,e11b344e-919e-42d8-80d0-82123449111c,Matt,39.66928,-75.7611,6,4391327,434722,18S,JH-W,29,https://five.epicollect.net/api/media/newark-parks-and-recreation-tree-inventory?type=photo&format=entry_original&name=e11b344e-919e-42d8-80d0-82123449111c_1768169425.jpg,31,80,50,50,Poor,"Mold growing, multi branch, spread are estimate",
43a27174-d77f-49f8-9441-fac1139fb9be,2026-01-11T22:08:46.000Z,2026-01-11T22:24:00.000Z,43a27174-d77f-49f8-9441-fac1139fb9be,Matt,39.66919,-75.7611,21,4391318,434723,18S,JH-W,28,https://five.epicollect.net/api/media/newark-parks-and-recreation-tree-inventory?type=photo&format=entry_original&name=43a27174-d77f-49f8-9441-fac1139fb9be_1768169181.jpg,25,61,30,30,Fair,"Vines , spread 2 estimate",
26bba75e-4edd-4893-9fb1-aa89d99edfec,2026-01-11T22:04:56.000Z,2026-01-11T22:23:59.000Z,26bba75e-4edd-4893-9fb1-aa89d99edfec,Matt,39.66908,-75.761,7,4391305,434728,18S,JH-W,27,https://five.epicollect.net/api/media/newark-parks-and-recreation-tree-inventory?type=photo&format=entry_original&name=26bba75e-4edd-4893-9fb1-aa89d99edfec_1768168897.jpg,26,55,41,39,Fair,Fallen branches from top,
8adf3f38-9bf8-4b51-95c9-bd3dd44cd979,2026-01-11T21:53:35.000Z,2026-01-11T22:23:57.000Z,8adf3f38-9bf8-4b51-95c9-bd3dd44cd979,Matt,39.66909,-75.7611,14,4391307,434720,18S,JH-W,7,https://five.epicollect.net/api/media/newark-parks-and-recreation-tree-inventory?type=photo&format=entry_original&name=8adf3f38-9bf8-4b51-95c9-bd3dd44cd979_1768168243.jpg,33,86,60,60,Fair,"Spread 2 estimate,",
046aa913-0a01-48de-ac08-f5cf8e107f17,2026-01-11T21:48:10.000Z,2026-01-11T22:23:55.000Z,046aa913-0a01-48de-ac08-f5cf8e107f17,Matt,39.66913,-75.7608,5,4391311,434749,18S,JH-W,26,https://five.epicollect.net/api/media/newark-parks-and-recreation-tree-inventory?type=photo&format=entry_original&name=046aa913-0a01-48de-ac08-f5cf8e107f17_1768167988.jpg,29,60,47,47,Fair,Spread 2 is estimate,
3491ddd8-36db-4d5c-9348-9b5d3b970f25,2026-01-11T21:42:38.000Z,2026-01-11T22:23:53.000Z,3491ddd8-36db-4d5c-9348-9b5d3b970f25,Matt,39.66926,-75.7614,31,4391326,434691,18S,JH-W,25,https://five.epicollect.net/api/media/newark-parks-and-recreation-tree-inventory?type=photo&format=entry_original&name=3491ddd8-36db-4d5c-9348-9b5d3b970f25_1768167585.jpg,33,52,42,29,Poor,"Rotting, split trunk",
32e97ce2-1722-407f-88e6-595ea9f165f8,2026-01-11T21:36:49.000Z,2026-01-11T22:23:52.000Z,32e97ce2-1722-407f-88e6-595ea9f165f8,Matt,39.66886,-75.7597,45,4391348,434695,18S,JH-W,24,https://five.epicollect.net/api/media/newark-parks-and-recreation-tree-inventory?type=photo&format=entry_original&name=32e97ce2-1722-407f-88e6-595ea9f165f8_1768167235.jpg,51,108,96,96,Good,Estimate spread 2,
6a35015f-f0ba-45f5-80a1-55358c0b16f6,2026-01-11T21:26:44.000Z,2026-01-11T22:23:42.000Z,6a35015f-f0ba-45f5-80a1-55358c0b16f6,Matt,39.66907,-75.7602,10,4391304,434796,18S,JH-W,23,https://five.epicollect.net/api/media/newark-parks-and-recreation-tree-inventory?type=photo&format=entry_original&name=6a35015f-f0ba-45f5-80a1-55358c0b16f6_1768166710.jpg,20,28,8,7,Poor,Mushrooms,
f6722328-adb1-402e-ad2d-6ef8f3486fa0,2026-01-11T21:19:16.000Z,2026-01-11T22:23:41.000Z,f6722328-adb1-402e-ad2d-6ef8f3486fa0,Matt,39.66867,-75.7593,8,4391258,434873,18S,JH-W,22,https://five.epicollect.net/api/media/newark-parks-and-recreation-tree-inventory?type=photo&format=entry_original&name=f6722328-adb1-402e-ad2d-6ef8f3486fa0_1768166320.jpg,1,5,2,2,Good,Caged young,
e019ad45-bdf2-4a52-ab02-803970fb69c7,2026-01-11T21:16:47.000Z,2026-01-11T22:23:39.000Z,e019ad45-bdf2-4a52-ab02-803970fb69c7,Matt,39.6687,-75.7593,5,4391262,434876,18S,JH-W,21,https://five.epicollect.net/api/media/newark-parks-and-recreation-tree-inventory?type=photo&format=entry_original&name=e019ad45-bdf2-4a52-ab02-803970fb69c7_1768166157.jpg,1,6,3,3,Good,Caged young,
cd5d2c6b-af21-4f70-84f7-97a74b59aedc,2026-01-11T21:13:40.000Z,2026-01-11T22:23:38.000Z,cd5d2c6b-af21-4f70-84f7-97a74b59aedc,Matt,39.6686,-75.7593,5,4391251,434877,18S,JH-W,20,https://five.epicollect.net/api/media/newark-parks-and-recreation-tree-inventory?type=photo&format=entry_original&name=cd5d2c6b-af21-4f70-84f7-97a74b59aedc_1768165973.jpg,1,5,2,3,Good,Caged young,
7c78a930-bc22-483e-b31b-1bc48568ecc7,2026-01-11T21:11:08.000Z,2026-01-11T22:23:35.000Z,7c78a930-bc22-483e-b31b-1bc48568ecc7,Matt,39.66867,-75.7592,5,4391259,434885,18S,JH-W,19,https://five.epicollect.net/api/media/newark-parks-and-recreation-tree-inventory?type=photo&format=entry_original&name=7c78a930-bc22-483e-b31b-1bc48568ecc7_1768165829.jpg,1,6,1,2,Good,Caged young,
ed783397-94bc-4b9f-ac42-37dae41b528f,2026-01-11T21:07:39.000Z,2026-01-11T22:23:34.000Z,ed783397-94bc-4b9f-ac42-37dae41b528f,Matt,39.66872,-75.7591,4,4391264,434887,18S,JH-W,18,https://five.epicollect.net/api/media/newark-parks-and-recreation-tree-inventory?type=photo&format=entry_original&name=ed783397-94bc-4b9f-ac42-37dae41b528f_1768165618.jpg,1,5,2,1,Good,Cage young,
e1a78f37-e718-4ef3-ae17-74fee864f056,2026-01-11T21:03:22.000Z,2026-01-11T22:23:33.000Z,e1a78f37-e718-4ef3-ae17-74fee864f056,Matt,39.66877,-75.7594,31,4391270,434869,18S,JH-W,17,https://five.epicollect.net/api/media/newark-parks-and-recreation-tree-inventory?type=photo&format=entry_original&name=e1a78f37-e718-4ef3-ae17-74fee864f056_1768165333.jpg,1,7,3,3,Good,Young (Edit: Newly planted tree),
ce3a90b1-a7e2-436c-ab57-651b16a51581,2026-01-11T21:00:22.000Z,2026-01-11T22:23:31.000Z,ce3a90b1-a7e2-436c-ab57-651b16a51581,Matt,39.66883,-75.7592,8,4391277,434879,18S,JH-W,16,https://five.epicollect.net/api/media/newark-parks-and-recreation-tree-inventory?type=photo&format=entry_original&name=ce3a90b1-a7e2-436c-ab57-651b16a51581_1768165091.jpg,1,8,3,3,Good,Young (Edit: Newly planted tree),
21f3c2da-c02d-4ecd-a7fa-f689e0929b85,2026-01-11T20:54:58.000Z,2026-01-11T22:23:29.000Z,21f3c2da-c02d-4ecd-a7fa-f689e0929b85,Matt,39.66892,-75.7592,14,4391286,434881,18S,JH-W,15,https://five.epicollect.net/api/media/newark-parks-and-recreation-tree-inventory?type=photo&format=entry_original&name=21f3c2da-c02d-4ecd-a7fa-f689e0929b85_1768164809.jpg,1,5,1,1,Good,Young (Edit: Newly planted tree),
52526ba0-7b3f-4dbc-aae9-813196bc2512,2026-01-11T20:50:34.000Z,2026-01-11T22:23:28.000Z,52526ba0-7b3f-4dbc-aae9-813196bc2512,Matt,39.669,-75.759,30,4391295,434903,18S,JH-W,14,https://five.epicollect.net/api/media/newark-parks-and-recreation-tree-inventory?type=photo&format=entry_original&name=52526ba0-7b3f-4dbc-aae9-813196bc2512_1768164382.jpg,1,8,6,5,Good,Young (Edit: Newly planted tree),
b3b56030-b66c-482c-bf8b-2add295b2e35,2026-01-11T20:43:01.000Z,2026-01-11T22:23:26.000Z,b3b56030-b66c-482c-bf8b-2add295b2e35,Matt,39.66872,-75.7592,6,4391264,434883,18S,JH-W,13,https://five.epicollect.net/api/media/newark-parks-and-recreation-tree-inventory?type=photo&format=entry_original&name=b3b56030-b66c-482c-bf8b-2add295b2e35_1768163981.jpg,20,38,28,29,Poor,Hollow,
add72b89-82b9-46a8-b91b-c85e67b95ffb,2026-01-11T20:37:45.000Z,2026-01-11T22:23:25.000Z,add72b89-82b9-46a8-b91b-c85e67b95ffb,Matt,39.66861,-75.7593,9,4391253,434872,18S,JH-W,12,https://five.epicollect.net/api/media/newark-parks-and-recreation-tree-inventory?type=photo&format=entry_original&name=add72b89-82b9-46a8-b91b-c85e67b95ffb_1768163618.jpg,23,54,29,30,Good,,
2fa7b9d3-6ba8-4784-96f1-83d27c9fb143,2026-01-11T20:32:17.000Z,2026-01-11T22:23:23.000Z,2fa7b9d3-6ba8-4784-96f1-83d27c9fb143,Matt,39.66878,-75.7593,4,4391271,434873,18S,JH-W,11,https://five.epicollect.net/api/media/newark-parks-and-recreation-tree-inventory?type=photo&format=entry_original&name=2fa7b9d3-6ba8-4784-96f1-83d27c9fb143_1768163300.jpg,25,46,35,42,Poor,Multi branch and rotting in betweensplit,
69b12dac-84eb-4461-abf7-150095d6886a,2026-01-11T20:18:30.000Z,2026-01-11T22:23:21.000Z,69b12dac-84eb-4461-abf7-150095d6886a,Matt,39.66907,-75.759,5,4391303,434898,18S,JH-W,10,https://five.epicollect.net/api/media/newark-parks-and-recreation-tree-inventory?type=photo&format=entry_original&name=69b12dac-84eb-4461-abf7-150095d6886a_1768162403.jpg,28,64,56,37,Poor,Extremely slanted,
d8f6263f-6284-48ee-b155-41ee229da2a2,2026-01-11T20:12:11.000Z,2026-01-11T22:23:19.000Z,d8f6263f-6284-48ee-b155-41ee229da2a2,Matt,39.66885,-75.759,4,4391279,434895,18S,JH-W,9,https://five.epicollect.net/api/media/newark-parks-and-recreation-tree-inventory?type=photo&format=entry_original&name=d8f6263f-6284-48ee-b155-41ee229da2a2_1768162106.jpg,30,72,57,43,Fair,"Multi branch, moss on bottom",
1e5ea3bf-aca8-4ee2-9d01-d0e847248e99,2026-01-11T19:51:36.000Z,2026-01-11T22:23:18.000Z,1e5ea3bf-aca8-4ee2-9d01-d0e847248e99,Matt,39.66869,-75.759,18,4391261,434896,18S,JH-W,5,https://five.epicollect.net/api/media/newark-parks-and-recreation-tree-inventory?type=photo&format=entry_original&name=1e5ea3bf-aca8-4ee2-9d01-d0e847248e99_1768160830.jpg,26,86,52,55,Good,,
8472a7b0-0cd3-43d0-9484-ed562f47b6ff,2026-01-11T19:45:30.000Z,2026-01-11T22:23:16.000Z,8472a7b0-0cd3-43d0-9484-ed562f47b6ff,Matt,39.66867,-75.7593,13,4391259,434871,18S,JH-W,4,https://five.epicollect.net/api/media/newark-parks-and-recreation-tree-inventory?type=photo&format=entry_original&name=8472a7b0-0cd3-43d0-9484-ed562f47b6ff_1768160473.jpg,31,81,62,57,Good,Spread 2 estimate,
ed1049c7-9242-4d4b-a0c7-57f045857452,2026-01-11T19:38:17.000Z,2026-01-11T22:23:14.000Z,ed1049c7-9242-4d4b-a0c7-57f045857452,Matt,39.6689,-75.7593,3,4391284,434877,18S,JH-W,3,https://five.epicollect.net/api/media/newark-parks-and-recreation-tree-inventory?type=photo&format=entry_original&name=ed1049c7-9242-4d4b-a0c7-57f045857452_1768160042.jpg,41,48,40,54,Poor,Mushrooms,
8ce81301-1a85-471e-95d8-8e4b47134c3a,2026-01-11T19:32:18.000Z,2026-01-11T22:23:12.000Z,8ce81301-1a85-471e-95d8-8e4b47134c3a,Matt,39.669,-75.7592,60,4391295,434886,18S,JH-W,2,https://five.epicollect.net/api/media/newark-parks-and-recreation-tree-inventory?type=photo&format=entry_original&name=8ce81301-1a85-471e-95d8-8e4b47134c3a_1768159642.jpg,32,63,49,53,Poor,Decay at bottom,
7305d860-8ac9-4b34-9228-f5cfcebf8fe9,2026-01-11T19:06:59.000Z,2026-01-11T22:23:11.000Z,7305d860-8ac9-4b34-9228-f5cfcebf8fe9,Matt,39.66892,-75.759,7,4391286,434904,18S,JH-W,1,https://five.epicollect.net/api/media/newark-parks-and-recreation-tree-inventory?type=photo&format=entry_original&name=7305d860-8ac9-4b34-9228-f5cfcebf8fe9_1768158145.jpg,26,62,48,31,Poor,Competes with other trees,
c3f7fe68-dd1a-47fb-b754-e8d3947e832b,2026-01-08T15:59:15.000Z,2026-01-08T16:14:49.000Z,c3f7fe68-dd1a-47fb-b754-e8d3947e832b,"Ike, Winnie",39.676152,-75.73545,3,4392072,436926,18S,JH-E,1,https://five.epicollect.net/api/media/newark-parks-and-recreation-tree-inventory?type=photo&format=entry_original&name=c3f7fe68-dd1a-47fb-b754-e8d3947e832b_1767887651.jpg,35,66,46,46,Good,Height and Spread 2 may be inaccurate due to heavy thornssurrounding tree making data collection dangerous,
f9bb859f-0eff-41a0-b657-616ebb45faa2,2026-01-08T16:02:52.000Z,2026-01-08T16:14:45.000Z,f9bb859f-0eff-41a0-b657-616ebb45faa2,"Winnie, Ike",39.678487,-75.735337,6,4392331,436938,18S,JH-E,2,https://five.epicollect.net/api/media/newark-parks-and-recreation-tree-inventory?type=photo&format=entry_original&name=f9bb859f-0eff-41a0-b657-616ebb45faa2_1767888018.jpg,22,56,58,46,Good,,
0b645c44-8ec8-4972-8f14-dff8f39a99f2,2026-01-08T16:07:47.000Z,2026-01-08T16:14:40.000Z,0b645c44-8ec8-4972-8f14-dff8f39a99f2,"Winnie, Ike",39.678584,-75.735058,3,4392342,436962,18S,JH-E,3,https://five.epicollect.net/api/media/newark-parks-and-recreation-tree-inventory?type=photo&format=entry_original&name=0b645c44-8ec8-4972-8f14-dff8f39a99f2_1767888296.jpg,21,57,46,43,Good,Many branches beginning to fall,
efb0b320-eca6-4353-8de5-1503fc061b42,2026-01-07T19:18:38.000Z,2026-01-08T16:14:36.000Z,efb0b320-eca6-4353-8de5-1503fc061b42,"Winnie, Ike",39.67502,-75.738501,19,4391949,436663,18S,JH-UD,6,https://five.epicollect.net/api/media/newark-parks-and-recreation-tree-inventory?type=photo&format=entry_original&name=efb0b320-eca6-4353-8de5-1503fc061b42_1767813369.jpg,21,66,34,53,Fair,Tree has a hole that is darkening and growing moss,
f4c45fbe-c963-4122-92df-5c4bc8059652,2026-01-07T19:05:16.000Z,2026-01-08T16:14:31.000Z,f4c45fbe-c963-4122-92df-5c4bc8059652,"Winnie, Ike",39.67482,-75.738926,8,4391927,436626,18S,JH-UD,5,https://five.epicollect.net/api/media/newark-parks-and-recreation-tree-inventory?type=photo&format=entry_original&name=f4c45fbe-c963-4122-92df-5c4bc8059652_1767812703.jpg,22,65,10,10,Poor,"Tree seems to be rotting and is heavily leaning against another 
Bark is missing in many places 
Very damaged",
5bef84ba-db5c-4ae6-ae3a-fb691dd82aa1,2026-01-07T19:04:29.000Z,2026-01-08T16:14:26.000Z,5bef84ba-db5c-4ae6-ae3a-fb691dd82aa1,"Winnie, Ike",39.674832,-75.738831,6,4391928,436635,18S,JH-UD,4,https://five.epicollect.net/api/media/newark-parks-and-recreation-tree-inventory?type=photo&format=entry_original&name=5bef84ba-db5c-4ae6-ae3a-fb691dd82aa1_1767812641.jpg,21,72,27,27,Good,Spread 2 may be inaccurate due to dangerous conditions behind the tree,
561368b5-b662-4267-bcfd-45ea1864c5a3,2026-01-07T18:59:57.000Z,2026-01-08T16:14:22.000Z,561368b5-b662-4267-bcfd-45ea1864c5a3,"Winnie, Ike",39.674779,-75.738983,6,4391922,436622,18S,JH-UD,3,https://five.epicollect.net/api/media/newark-parks-and-recreation-tree-inventory?type=photo&format=entry_original&name=561368b5-b662-4267-bcfd-45ea1864c5a3_1767812287.jpg,26,88,42,42,Good,Spread 2 may be inaccurate due to dangerous conditions to measurebehind tree,
002be77f-1701-47da-9e36-e2395bdb32a0,2026-01-07T18:54:30.000Z,2026-01-08T16:14:17.000Z,002be77f-1701-47da-9e36-e2395bdb32a0,"Winnie, Ike",39.674661,-75.739382,10,4391910,436587,18S,JH-UD,2,https://five.epicollect.net/api/media/newark-parks-and-recreation-tree-inventory?type=photo&format=entry_original&name=002be77f-1701-47da-9e36-e2395bdb32a0_1767811960.jpg,31,87,43,36,Good,,
7581292e-c918-4b00-81b1-9199b58b8f46,2026-01-07T18:47:39.000Z,2026-01-08T16:14:13.000Z,7581292e-c918-4b00-81b1-9199b58b8f46,"Winnie, Ike",39.67466,-75.7397,3,4391910,436560,18S,JH-UD,1,https://five.epicollect.net/api/media/newark-parks-and-recreation-tree-inventory?type=photo&format=entry_original&name=7581292e-c918-4b00-81b1-9199b58b8f46_1767811378.jpg,40,69,54,54,Good,Spread 2 may be inaccurate due to dangerous conditions behind the tree,
7552a67b-52cb-428e-9f8a-30285fdc21ca,2026-01-07T17:32:41.000Z,2026-01-08T16:14:08.000Z,7552a67b-52cb-428e-9f8a-30285fdc21ca,"Winnie, Ike",39.674341,-75.74169,5,4391876,436389,18S,JH-R,4,https://five.epicollect.net/api/media/newark-parks-and-recreation-tree-inventory?type=photo&format=entry_original&name=7552a67b-52cb-428e-9f8a-30285fdc21ca_1767806990.jpg,29,60,60,40,Good,Spread 2 may be inaccurate because of thorns surrounding this tree,
6bdbd7bd-dc35-4746-931f-d3354ae6b39f,2026-01-07T17:25:21.000Z,2026-01-08T16:14:03.000Z,6bdbd7bd-dc35-4746-931f-d3354ae6b39f,"Winnie, Ike",39.674032,-75.742142,9,4391842,436350,18S,JH-R,3,https://five.epicollect.net/api/media/newark-parks-and-recreation-tree-inventory?type=photo&format=entry_original&name=6bdbd7bd-dc35-4746-931f-d3354ae6b39f_1767806621.jpg,21,53,32,32,Good,Spread 2 may be inaccurate as it goes over a fence,
f06ead7b-61b4-4a3a-a40d-c28b1bcf3004,2026-01-07T17:14:01.000Z,2026-01-08T16:13:59.000Z,f06ead7b-61b4-4a3a-a40d-c28b1bcf3004,"Winnie, Ike",39.673674,-75.742759,6,4391802,436297,18S,JH-R,2,https://five.epicollect.net/api/media/newark-parks-and-recreation-tree-inventory?type=photo&format=entry_original&name=f06ead7b-61b4-4a3a-a40d-c28b1bcf3004_1767806147.jpg,30,55,46,59,Good,,
25e8c47d-cbc6-4366-9834-f0c7c3687ccc,2026-01-07T17:12:46.000Z,2026-01-08T16:13:54.000Z,25e8c47d-cbc6-4366-9834-f0c7c3687ccc,"Winnie, Ike",39.673626,-75.742735,6,4391797,436299,18S,JH-R,1,https://five.epicollect.net/api/media/newark-parks-and-recreation-tree-inventory?type=photo&format=entry_original&name=25e8c47d-cbc6-4366-9834-f0c7c3687ccc_1767805739.jpg,23,49,51,62,Good,Leans to the right at and angle,
27fbc034-9284-4ce4-81ff-b49c22d14955,2026-01-07T16:57:59.000Z,2026-01-07T16:58:46.000Z,27fbc034-9284-4ce4-81ff-b49c22d14955,"Winnie, Ike",39.673252,-75.744719,11,4391757,436128,18S,KELL,30,https://five.epicollect.net/api/media/newark-parks-and-recreation-tree-inventory?type=photo&format=entry_original&name=27fbc034-9284-4ce4-81ff-b49c22d14955_1767804994.jpg,2,9,6,3,Good,Newly planted tree Support is 83 inches tall,
391c606a-81f9-4762-8e89-adeacebc3438,2026-01-07T16:53:32.000Z,2026-01-07T16:58:41.000Z,391c606a-81f9-4762-8e89-adeacebc3438,"Winnie, Ike",39.673222,-75.74462,7,4391754,436137,18S,KELL,29,https://five.epicollect.net/api/media/newark-parks-and-recreation-tree-inventory?type=photo&format=entry_original&name=391c606a-81f9-4762-8e89-adeacebc3438_1767804809.jpg,1,8,3,3,Good,Newly planted tree Support is 85 inches tall,
a6efc1e1-aa40-4518-90ab-dcc517245bec,2026-01-07T16:50:27.000Z,2026-01-07T16:58:36.000Z,a6efc1e1-aa40-4518-90ab-dcc517245bec,"Winnie, Ike",39.673315,-75.744466,13,4391764,436150,18S,KELL,28,https://five.epicollect.net/api/media/newark-parks-and-recreation-tree-inventory?type=photo&format=entry_original&name=a6efc1e1-aa40-4518-90ab-dcc517245bec_1767804518.jpg,2,5,4,3,Good,Newly planted tree starting to diverge,
47b32982-a601-4aae-8bcc-3c879821416a,2026-01-07T16:46:22.000Z,2026-01-07T16:58:31.000Z,47b32982-a601-4aae-8bcc-3c879821416a,"Winnie, Ike",39.673241,-75.744524,17,4391756,436145,18S,KELL,27,https://five.epicollect.net/api/media/newark-parks-and-recreation-tree-inventory?type=photo&format=entry_original&name=47b32982-a601-4aae-8bcc-3c879821416a_1767804199.jpg,1,6,2,3,Fair,"Newly planted tree Support is inches tall 
Newly planted thorny tree is growing right next to this one",
6a674661-2e55-4146-bbe0-af6b84c6543d,2026-01-07T16:40:29.000Z,2026-01-07T16:58:27.000Z,6a674661-2e55-4146-bbe0-af6b84c6543d,"Winnie, Ike",39.673108,-75.744538,13,4391741,436144,18S,KELL,26,https://five.epicollect.net/api/media/newark-parks-and-recreation-tree-inventory?type=photo&format=entry_original&name=6a674661-2e55-4146-bbe0-af6b84c6543d_1767804152.jpg,1,7,3,3,Good,Newly planted tree Support is 81 inches tall,
c5d15e25-e39b-43ad-bca9-d9c6ca93ce44,2026-01-07T16:32:27.000Z,2026-01-07T16:58:19.000Z,c5d15e25-e39b-43ad-bca9-d9c6ca93ce44,"Winnie, Ike",39.673113,-75.744401,4,4391741,436155,18S,KELL,25,https://five.epicollect.net/api/media/newark-parks-and-recreation-tree-inventory?type=photo&format=entry_original&name=c5d15e25-e39b-43ad-bca9-d9c6ca93ce44_1767803403.jpg,42,57,85,72,Good,Diverges above breast height,
c867d7bb-1ff4-4aa8-a18d-d8ea7031e080,2026-01-07T16:24:14.000Z,2026-01-07T16:58:15.000Z,c867d7bb-1ff4-4aa8-a18d-d8ea7031e080,"Winnie, Ike",39.672969,-75.744544,11,4391725,436143,18S,KELL,24,https://five.epicollect.net/api/media/newark-parks-and-recreation-tree-inventory?type=photo&format=entry_original&name=c867d7bb-1ff4-4aa8-a18d-d8ea7031e080_1767802929.jpg,23,66,64,65,Good,,
9c9379de-32fa-4291-8019-be8f7b205913,2026-01-02T19:15:44.000Z,2026-01-05T02:27:00.000Z,9c9379de-32fa-4291-8019-be8f7b205913,"Winnie, Ike",39.673029,-75.744958,21,4391732,436108,18S,KELL,21,https://five.epicollect.net/api/media/newark-parks-and-recreation-tree-inventory?type=photo&format=entry_original&name=9c9379de-32fa-4291-8019-be8f7b205913_1767381268.jpg,25,34,21,24,Good,Diverges above trunk,
6ed0ab29-3ea6-4815-a16e-a1ea80a823dd,2026-01-02T19:26:45.000Z,2026-01-05T02:26:56.000Z,6ed0ab29-3ea6-4815-a16e-a1ea80a823dd,"Winnie, Ike",39.672925,-75.744921,11,4391721,436111,18S,KELL,23,https://five.epicollect.net/api/media/newark-parks-and-recreation-tree-inventory?type=photo&format=entry_original&name=6ed0ab29-3ea6-4815-a16e-a1ea80a823dd_1767382001.jpg,21,33,21,20,Good,Diverges above trunk,
9bf70e86-8e9b-46ab-9e07-fb284de6796d,2026-01-02T19:23:44.000Z,2026-01-05T02:26:51.000Z,9bf70e86-8e9b-46ab-9e07-fb284de6796d,"Winnie, Ike",39.672892,-75.744934,5,4391717,436109,18S,KELL,22,https://five.epicollect.net/api/media/newark-parks-and-recreation-tree-inventory?type=photo&format=entry_original&name=9bf70e86-8e9b-46ab-9e07-fb284de6796d_1767381947.jpg,21,35,19,16,Good,Diverges above trunk,
7dc1ab4e-ba61-4df6-a17f-e39ba554eb30,2026-01-02T19:08:57.000Z,2026-01-05T02:26:47.000Z,7dc1ab4e-ba61-4df6-a17f-e39ba554eb30,"Winnie, Ike",39.67292,-75.745031,4,4391720,436101,18S,KELL,20,https://five.epicollect.net/api/media/newark-parks-and-recreation-tree-inventory?type=photo&format=entry_original&name=7dc1ab4e-ba61-4df6-a17f-e39ba554eb30_1767380882.jpg,43,76,77,70,Good,,
6163b689-c9b4-4cc4-b68e-d91f38db0962,2026-01-02T19:01:22.000Z,2026-01-05T02:26:42.000Z,6163b689-c9b4-4cc4-b68e-d91f38db0962,"Winnie, Ike",39.673074,-75.744724,6,4391737,436128,18S,KELL,19,https://five.epicollect.net/api/media/newark-parks-and-recreation-tree-inventory?type=photo&format=entry_original&name=6163b689-c9b4-4cc4-b68e-d91f38db0962_1767380209.jpg,43,96,80,75,Good,,
752ebac3-b580-4469-bcd5-14a94543ffc7,2026-01-02T18:49:12.000Z,2026-01-05T02:26:37.000Z,752ebac3-b580-4469-bcd5-14a94543ffc7,"Winnie, Ike",39.673244,-75.744848,8,4391756,436117,18S,KELL,18,https://five.epicollect.net/api/media/newark-parks-and-recreation-tree-inventory?type=photo&format=entry_original&name=752ebac3-b580-4469-bcd5-14a94543ffc7_1767379734.jpg,30,92,71,60,Good,,
3259ab18-0fc8-4547-adca-252bfc3b8e90,2026-01-02T18:44:11.000Z,2026-01-05T02:26:32.000Z,3259ab18-0fc8-4547-adca-252bfc3b8e90,"Winnie, Ike",39.673209,-75.744693,9,4391752,436130,18S,KELL,17,https://five.epicollect.net/api/media/newark-parks-and-recreation-tree-inventory?type=photo&format=entry_original&name=3259ab18-0fc8-4547-adca-252bfc3b8e90_1767379269.jpg,33,120,53,42,Good,,
452cd495-c323-4691-8082-5dd2e90f3bbc,2026-01-02T18:36:09.000Z,2026-01-05T02:26:28.000Z,452cd495-c323-4691-8082-5dd2e90f3bbc,"Ike, Winnie",39.67322,-75.74487,5,4391753,436115,18S,KELL,16,https://five.epicollect.net/api/media/newark-parks-and-recreation-tree-inventory?type=photo&format=entry_original&name=452cd495-c323-4691-8082-5dd2e90f3bbc_1767378788.jpg,33,78,60,73,Good,,
27d1a0a4-63af-4d01-8cc3-b13f1aca3b5f,2026-01-02T18:27:40.000Z,2026-01-05T02:26:23.000Z,27d1a0a4-63af-4d01-8cc3-b13f1aca3b5f,"Winnie, Ike",39.673237,-75.745009,7,4391755,436103,18S,KELL,15,https://five.epicollect.net/api/media/newark-parks-and-recreation-tree-inventory?type=photo&format=entry_original&name=27d1a0a4-63af-4d01-8cc3-b13f1aca3b5f_1767378367.jpg,27,61,54,44,Good,"Diverges at breast height
Branches are growing over a power line",
f34dfc18-5166-45e3-8c42-681bbb9dc206,2026-01-02T18:23:57.000Z,2026-01-05T02:26:18.000Z,f34dfc18-5166-45e3-8c42-681bbb9dc206,"Winnie, Ike",39.673231,-75.745029,8,4391755,436102,18S,KELL,14,https://five.epicollect.net/api/media/newark-parks-and-recreation-tree-inventory?type=photo&format=entry_original&name=f34dfc18-5166-45e3-8c42-681bbb9dc206_1767378132.jpg,24,48,38,52,Good,Diverges at breast height,
201a3d26-4d00-4868-a5ce-7dc31d530a96,2026-01-02T18:15:49.000Z,2026-01-05T02:26:14.000Z,201a3d26-4d00-4868-a5ce-7dc31d530a96,"Winnie, Ike",39.673265,-75.745284,7,4391759,436080,18S,KELL,13,https://five.epicollect.net/api/media/newark-parks-and-recreation-tree-inventory?type=photo&format=entry_original&name=201a3d26-4d00-4868-a5ce-7dc31d530a96_1767377710.jpg,27,80,55,52,Good,,
9ede602a-a244-4eef-bc67-5232d6d5797f,2026-01-02T18:12:33.000Z,2026-01-05T02:26:09.000Z,9ede602a-a244-4eef-bc67-5232d6d5797f,"Ike, Winnie",39.672983,-75.74524,4,4391727,436083,18S,KELL,12,https://five.epicollect.net/api/media/newark-parks-and-recreation-tree-inventory?type=photo&format=entry_original&name=9ede602a-a244-4eef-bc67-5232d6d5797f_1767377491.jpg,27,74,54,54,Good,,
b4796a21-097b-4d5a-8b0e-ab118d9d77c2,2026-01-02T18:04:20.000Z,2026-01-05T02:26:04.000Z,b4796a21-097b-4d5a-8b0e-ab118d9d77c2,"Winnie, Ike",39.672931,-75.745392,10,4391722,436070,18S,KELL,11,https://five.epicollect.net/api/media/newark-parks-and-recreation-tree-inventory?type=photo&format=entry_original&name=b4796a21-097b-4d5a-8b0e-ab118d9d77c2_1767376828.jpg,25,84,47,40,Good,,
c9c5386e-2e75-4fff-92f1-3a4e635bca9e,2026-01-02T17:55:59.000Z,2026-01-05T02:25:58.000Z,c9c5386e-2e75-4fff-92f1-3a4e635bca9e,"Winnie, Ike",39.672579,-75.745604,21,4391683,436052,18S,KELL,10,https://five.epicollect.net/api/media/newark-parks-and-recreation-tree-inventory?type=photo&format=entry_original&name=c9c5386e-2e75-4fff-92f1-3a4e635bca9e_1767376632.jpg,35,81,46,48,Good,,
627c87c9-2657-4ade-85f4-d937e1460551,2026-01-02T17:52:50.000Z,2026-01-05T02:25:53.000Z,627c87c9-2657-4ade-85f4-d937e1460551,"Winnie, Ike",39.672971,-75.745416,29,4391726,436068,18S,KELL,9,https://five.epicollect.net/api/media/newark-parks-and-recreation-tree-inventory?type=photo&format=entry_original&name=627c87c9-2657-4ade-85f4-d937e1460551_1767376187.jpg,38,85,57,46,Good,,
e391f81c-364e-4673-812b-f84563a22be4,2026-01-02T17:39:53.000Z,2026-01-05T02:25:48.000Z,e391f81c-364e-4673-812b-f84563a22be4,"Ike, Winnie",39.672726,-75.745694,5,4391699,436044,18S,KELL,8,https://five.epicollect.net/api/media/newark-parks-and-recreation-tree-inventory?type=photo&format=entry_original&name=e391f81c-364e-4673-812b-f84563a22be4_1767375680.jpg,39,73,51,62,Good,,
6d06b02a-edab-4142-8ba4-c648c6e6d9f4,2026-01-02T17:38:46.000Z,2026-01-05T02:25:43.000Z,6d06b02a-edab-4142-8ba4-c648c6e6d9f4,"Winnie, Ike",39.67273,-75.745751,3,4391700,436039,18S,KELL,7,https://five.epicollect.net/api/media/newark-parks-and-recreation-tree-inventory?type=photo&format=entry_original&name=6d06b02a-edab-4142-8ba4-c648c6e6d9f4_1767375317.jpg,25,66,44,50,Good,,
44cb56c4-4f3a-4351-b87f-7e0b9a0ade1f,2026-01-02T17:34:25.000Z,2026-01-05T02:25:38.000Z,44cb56c4-4f3a-4351-b87f-7e0b9a0ade1f,"Winnie, Ike",39.672746,-75.745929,8,4391702,436024,18S,KELL,6,https://five.epicollect.net/api/media/newark-parks-and-recreation-tree-inventory?type=photo&format=entry_original&name=44cb56c4-4f3a-4351-b87f-7e0b9a0ade1f_1767375223.jpg,21,78,39,38,Good,,
1da8efac-081f-46e9-a24d-a3e152232d51,2026-01-02T17:28:59.000Z,2026-01-05T02:25:33.000Z,1da8efac-081f-46e9-a24d-a3e152232d51,"Winnie, Ike",39.673259,-75.745458,22,4391758,436065,18S,KELL,5,https://five.epicollect.net/api/media/newark-parks-and-recreation-tree-inventory?type=photo&format=entry_original&name=1da8efac-081f-46e9-a24d-a3e152232d51_1767374877.jpg,21,57,43,42,Good,,
f287c7dd-9da6-454d-b4aa-6514ab17ca2a,2026-01-02T17:22:12.000Z,2026-01-05T02:25:29.000Z,f287c7dd-9da6-454d-b4aa-6514ab17ca2a,"Winnie, Ike",39.673246,-75.745843,45,4391757,436032,18S,KELL,4,https://five.epicollect.net/api/media/newark-parks-and-recreation-tree-inventory?type=photo&format=entry_original&name=f287c7dd-9da6-454d-b4aa-6514ab17ca2a_1767374594.jpg,22,54,47,42,Good,,
160d5ca0-1155-4a3a-b5ce-3674bff61acb,2026-01-02T17:17:56.000Z,2026-01-05T02:25:24.000Z,160d5ca0-1155-4a3a-b5ce-3674bff61acb,"Winnie, Ike",39.673235,-75.745967,4,4391756,436021,18S,KELL,3,https://five.epicollect.net/api/media/newark-parks-and-recreation-tree-inventory?type=photo&format=entry_original&name=160d5ca0-1155-4a3a-b5ce-3674bff61acb_1767374165.jpg,26,65,42,42,Good,,
80667948-23e1-4d3e-a8a8-48c50b74681d,2026-01-02T17:11:40.000Z,2026-01-05T02:25:18.000Z,80667948-23e1-4d3e-a8a8-48c50b74681d,"Winnie, Ike",39.673297,-75.746207,11,4391763,436001,18S,KELL,2,https://five.epicollect.net/api/media/newark-parks-and-recreation-tree-inventory?type=photo&format=entry_original&name=80667948-23e1-4d3e-a8a8-48c50b74681d_1767373739.jpg,43,57,44,32,Fair,"Tree seems to have chunks of bark missing
Diverges above trunk",
659f333c-5e5f-4f45-bd96-a42b87f72b2b,2026-01-02T16:59:46.000Z,2026-01-05T02:25:07.000Z,659f333c-5e5f-4f45-bd96-a42b87f72b2b,"Ike, Winnie",39.67327,-75.747163,4,4391761,435919,18S,KELL,1,https://five.epicollect.net/api/media/newark-parks-and-recreation-tree-inventory?type=photo&format=entry_original&name=659f333c-5e5f-4f45-bd96-a42b87f72b2b_1767373059.jpg,37,63,41,43,Good,"Diverges at breast height 
Sap dripping from tree",
58854072-bffd-459b-a162-7ffe0c85b0ba,2026-01-01T17:11:33.000Z,2026-01-01T17:30:08.000Z,58854072-bffd-459b-a162-7ffe0c85b0ba,"Winnie, Ike",39.672838,-75.74531,7,4391711,436077,18S,JH-K,8,https://five.epicollect.net/api/media/newark-parks-and-recreation-tree-inventory?type=photo&format=entry_original&name=58854072-bffd-459b-a162-7ffe0c85b0ba_1767287305.jpg,28,79,48,38,Good,,
b9855b57-c90b-4b9a-8ab4-fa4016360aa1,2026-01-01T17:07:38.000Z,2026-01-01T17:30:03.000Z,b9855b57-c90b-4b9a-8ab4-fa4016360aa1,"Winnie, Ike",39.672743,-75.745517,8,4391701,436059,18S,JH-K,7,https://five.epicollect.net/api/media/newark-parks-and-recreation-tree-inventory?type=photo&format=entry_original&name=b9855b57-c90b-4b9a-8ab4-fa4016360aa1_1767287254.jpg,30,77,55,48,Good,,
eee54f61-2c56-4f61-961b-e4c3cae6aab9,2026-01-01T17:00:08.000Z,2026-01-01T17:29:56.000Z,eee54f61-2c56-4f61-961b-e4c3cae6aab9,"Winnie, Ike",39.672598,-75.745863,4,4391685,436029,18S,JH-K,6,https://five.epicollect.net/api/media/newark-parks-and-recreation-tree-inventory?type=photo&format=entry_original&name=eee54f61-2c56-4f61-961b-e4c3cae6aab9_1767286702.jpg,25,72,49,50,Good,,
53934eda-9a01-4241-ae5e-36de71f79a52,2026-01-01T16:53:44.000Z,2026-01-01T17:29:49.000Z,53934eda-9a01-4241-ae5e-36de71f79a52,"Winnie, Ike",39.672353,-75.746497,7,4391658,435975,18S,JH-K,5,https://five.epicollect.net/api/media/newark-parks-and-recreation-tree-inventory?type=photo&format=entry_original&name=53934eda-9a01-4241-ae5e-36de71f79a52_1767286333.jpg,24,74,74,38,Good,,
89937518-2052-4377-b549-4f12f391e154,2026-01-01T16:46:14.000Z,2026-01-01T17:29:45.000Z,89937518-2052-4377-b549-4f12f391e154,"Winnie, Ike",39.67228,-75.746715,3,4391650,435956,18S,JH-K,4,https://five.epicollect.net/api/media/newark-parks-and-recreation-tree-inventory?type=photo&format=entry_original&name=89937518-2052-4377-b549-4f12f391e154_1767285831.jpg,21,69,31,32,Good,,
d7764525-c0a6-4465-a136-13d2c5a9f0ba,2026-01-01T16:39:46.000Z,2026-01-01T17:29:40.000Z,d7764525-c0a6-4465-a136-13d2c5a9f0ba,"Ike, Winnie",39.672267,-75.746802,17,4391649,435949,18S,JH-K,3,https://five.epicollect.net/api/media/newark-parks-and-recreation-tree-inventory?type=photo&format=entry_original&name=d7764525-c0a6-4465-a136-13d2c5a9f0ba_1767285465.jpg,24,67,31,40,Good,,
c73da3c3-ea8f-4d7a-a397-6f6afd161bff,2026-01-01T16:32:57.000Z,2026-01-01T17:29:35.000Z,c73da3c3-ea8f-4d7a-a397-6f6afd161bff,"Winnie, Ike",39.672213,-75.74697,5,4391643,435934,18S,JH-K,2,https://five.epicollect.net/api/media/newark-parks-and-recreation-tree-inventory?type=photo&format=entry_original&name=c73da3c3-ea8f-4d7a-a397-6f6afd161bff_1767285049.jpg,23,76,26,38,Good,,
2142eb17-23b3-48d6-ac7f-4ea434647e62,2026-01-01T16:26:28.000Z,2026-01-01T17:29:31.000Z,2142eb17-23b3-48d6-ac7f-4ea434647e62,"Ike, Winnie",39.672179,-75.747002,3,4391639,435931,18S,JH-K,1,https://five.epicollect.net/api/media/newark-parks-and-recreation-tree-inventory?type=photo&format=entry_original&name=2142eb17-23b3-48d6-ac7f-4ea434647e62_1767284649.jpg,24,62,44,52,Good,,
09bf1011-55b0-4e8a-8492-7202260d3803,2026-01-01T15:38:14.000Z,2026-01-01T15:52:14.000Z,09bf1011-55b0-4e8a-8492-7202260d3803,"Ike, Winnie",39.672201,-75.748911,3,4391643,435768,18S,LEW,21,https://five.epicollect.net/api/media/newark-parks-and-recreation-tree-inventory?type=photo&format=entry_original&name=09bf1011-55b0-4e8a-8492-7202260d3803_1767282036.jpg,27,75,50,50,Good,"Tree near river bed, so spread measurements may be inaccurate.",
7cdd4470-1772-4aee-8bf1-db87a28d93db,2025-12-31T21:24:48.000Z,2026-01-01T15:35:05.000Z,7cdd4470-1772-4aee-8bf1-db87a28d93db,"Winnie, Ike",39.67195,-75.74901,5,4391615,435759,18S,LEW,20,https://five.epicollect.net/api/media/newark-parks-and-recreation-tree-inventory?type=photo&format=entry_original&name=7cdd4470-1772-4aee-8bf1-db87a28d93db_1767216109.jpg,39,79,51,55,Good,,
5eb86818-bc5d-4df3-a902-088070ec0f8c,2025-12-31T21:15:30.000Z,2026-01-01T15:35:00.000Z,5eb86818-bc5d-4df3-a902-088070ec0f8c,"Winnie, Ike",39.671939,-75.749349,11,4391615,435730,18S,LEW,19,https://five.epicollect.net/api/media/newark-parks-and-recreation-tree-inventory?type=photo&format=entry_original&name=5eb86818-bc5d-4df3-a902-088070ec0f8c_1767215552.jpg,28,61,63,62,Good,,
62909ad3-00f2-422f-abc9-6863e65a0d2e,2025-12-31T21:08:07.000Z,2026-01-01T15:34:56.000Z,62909ad3-00f2-422f-abc9-6863e65a0d2e,"Ike, Winnie",39.671778,-75.749408,6,4391597,435725,18S,LEW,18,https://five.epicollect.net/api/media/newark-parks-and-recreation-tree-inventory?type=photo&format=entry_original&name=62909ad3-00f2-422f-abc9-6863e65a0d2e_1767215137.jpg,22,31,35,33,Good,Diverges above trunk,
df1dec87-6edd-4476-b841-df8fbe8a780d,2025-12-31T20:52:54.000Z,2026-01-01T15:34:51.000Z,df1dec87-6edd-4476-b841-df8fbe8a780d,"Winnie, Ike",39.672218,-75.750019,11,4391646,435673,18S,LEW,17,https://five.epicollect.net/api/media/newark-parks-and-recreation-tree-inventory?type=photo&format=entry_original&name=df1dec87-6edd-4476-b841-df8fbe8a780d_1767214157.jpg,23,48,46,23,Good,,
65d600a2-9b5c-4e7b-aafb-3e712aa06100,2025-12-31T20:41:38.000Z,2026-01-01T15:34:47.000Z,65d600a2-9b5c-4e7b-aafb-3e712aa06100,"Winnie, Ike",39.672147,-75.749878,6,4391638,435685,18S,LEW,16,https://five.epicollect.net/api/media/newark-parks-and-recreation-tree-inventory?type=photo&format=entry_original&name=65d600a2-9b5c-4e7b-aafb-3e712aa06100_1767213552.jpg,24,46,32,33,Good,,
91427194-b810-472c-9808-debc455746c8,2025-12-31T20:31:51.000Z,2026-01-01T15:34:42.000Z,91427194-b810-472c-9808-debc455746c8,"Ike, Winnie",39.672158,-75.749668,6,4391639,435703,18S,LEW,15,https://five.epicollect.net/api/media/newark-parks-and-recreation-tree-inventory?type=photo&format=entry_original&name=91427194-b810-472c-9808-debc455746c8_1767212941.jpg,32,56,54,52,Good,,
cde80791-bfc5-4821-b8fa-d45aa82efd9e,2025-12-31T20:23:11.000Z,2026-01-01T15:34:37.000Z,cde80791-bfc5-4821-b8fa-d45aa82efd9e,"Winnie, Ike",39.67197,-75.749619,3,4391618,435707,18S,LEW,14,https://five.epicollect.net/api/media/newark-parks-and-recreation-tree-inventory?type=photo&format=entry_original&name=cde80791-bfc5-4821-b8fa-d45aa82efd9e_1767212328.jpg,42,40,54,46,Poor,Diverges drastically and leans,
9f74dac3-6ad5-4d62-9e37-b2b98d72dd3b,2025-12-31T20:12:49.000Z,2026-01-01T15:34:33.000Z,9f74dac3-6ad5-4d62-9e37-b2b98d72dd3b,"Winnie, Ike",39.671971,-75.749626,9,4391618,435706,18S,LEW,13,https://five.epicollect.net/api/media/newark-parks-and-recreation-tree-inventory?type=photo&format=entry_original&name=9f74dac3-6ad5-4d62-9e37-b2b98d72dd3b_1767211749.jpg,27,27,49,45,Good,"Diverges at trunk into 2
Diverged part leans heavily",
25e59511-c57c-4123-8d5a-5447d98dfa7f,2025-12-31T19:58:49.000Z,2026-01-01T15:34:28.000Z,25e59511-c57c-4123-8d5a-5447d98dfa7f,"Winnie, Ike",39.67187,-75.749542,28,4391607,435713,18S,LEW,12,https://five.epicollect.net/api/media/newark-parks-and-recreation-tree-inventory?type=photo&format=entry_original&name=25e59511-c57c-4123-8d5a-5447d98dfa7f_1767211126.jpg,39,80,75,54,Good,,
6bcd5a72-a6e1-46f4-bb87-0631785de334,2025-12-31T19:50:47.000Z,2026-01-01T15:34:24.000Z,6bcd5a72-a6e1-46f4-bb87-0631785de334,"Winnie, Ike",39.671348,-75.750443,9,4391550,435636,18S,LEW,11,https://five.epicollect.net/api/media/newark-parks-and-recreation-tree-inventory?type=photo&format=entry_original&name=6bcd5a72-a6e1-46f4-bb87-0631785de334_1767211265.jpg,32,68,40,58,Fair,Tree seems to be sprouting many small branches in the back,
54149199-d1ab-4399-a813-c8184a3e7723,2025-12-31T19:44:02.000Z,2026-01-01T15:34:19.000Z,54149199-d1ab-4399-a813-c8184a3e7723,"Winnie, Ike",39.671317,-75.750589,25,4391546,435623,18S,LEW,10,https://five.epicollect.net/api/media/newark-parks-and-recreation-tree-inventory?type=photo&format=entry_original&name=54149199-d1ab-4399-a813-c8184a3e7723_1767210042.jpg,20,74,33,33,Good,"Fence behind tree, so only one spread was collected.
Fence behind treeso diameter is an estimate.
Tree has many smaller sticks poking out.",
bca18403-b5bc-457d-9f29-00f206464e25,2025-12-31T19:31:22.000Z,2026-01-01T15:34:15.000Z,bca18403-b5bc-457d-9f29-00f206464e25,"Winnie, Ike",39.671381,-75.750349,9,4391553,435644,18S,LEW,9,https://five.epicollect.net/api/media/newark-parks-and-recreation-tree-inventory?type=photo&format=entry_original&name=bca18403-b5bc-457d-9f29-00f206464e25_1767209537.jpg,28,83,32,32,Good,Diverges at trunk,
e6e3aae8-a2ac-436e-a24a-80c1b5ff02da,2025-12-31T19:25:30.000Z,2026-01-09T18:36:41.000Z,e6e3aae8-a2ac-436e-a24a-80c1b5ff02da,"Winnie, Ike",39.671444,-75.75041,9,4391560,435638,18S,LEW,8,https://five.epicollect.net/api/media/newark-parks-and-recreation-tree-inventory?type=photo&format=entry_original&name=e6e3aae8-a2ac-436e-a24a-80c1b5ff02da_1767209509.jpg,26,53,17,17,Fair,"Half of the tree has been cut above the trunk
Fence behind this tree makes the diameter an estimate
Spread may be inaccurate due to fence being behind the tree",
a65a4f04-02a8-41b8-b159-99f0ff6a9b0f,2025-12-31T19:12:34.000Z,2026-01-01T15:34:06.000Z,a65a4f04-02a8-41b8-b159-99f0ff6a9b0f,"Winnie, Ike",39.671877,-75.750084,8,4391608,435667,18S,LEW,7,https://five.epicollect.net/api/media/newark-parks-and-recreation-tree-inventory?type=photo&format=entry_original&name=a65a4f04-02a8-41b8-b159-99f0ff6a9b0f_1767208245.jpg,26,47,29,36,Good,,
fde6bac9-77d5-4c4c-9928-6429565796ce,2025-12-31T19:06:35.000Z,2026-01-01T15:34:01.000Z,fde6bac9-77d5-4c4c-9928-6429565796ce,"Ike, Winnie",39.671996,-75.75031,21,4391622,435648,18S,LEW,6,https://five.epicollect.net/api/media/newark-parks-and-recreation-tree-inventory?type=photo&format=entry_original&name=fde6bac9-77d5-4c4c-9928-6429565796ce_1767207860.jpg,32,46,41,43,Good,Diverges above trunk,
9659531f-cbbd-42e7-883b-f8c1cc266794,2025-12-31T18:58:44.000Z,2026-01-01T15:33:57.000Z,9659531f-cbbd-42e7-883b-f8c1cc266794,"Winnie, Ike",39.671798,-75.750243,5,4391599,435653,18S,LEW,5,https://five.epicollect.net/api/media/newark-parks-and-recreation-tree-inventory?type=photo&format=entry_original&name=9659531f-cbbd-42e7-883b-f8c1cc266794_1767207348.jpg,32,62,32,36,Good,,
cdfc9e46-00e0-43d1-8d6e-bbd2743b8aec,2025-12-31T18:49:57.000Z,2026-01-01T15:33:52.000Z,cdfc9e46-00e0-43d1-8d6e-bbd2743b8aec,"Winnie, Ike",39.671869,-75.750374,17,4391607,435642,18S,LEW,4,https://five.epicollect.net/api/media/newark-parks-and-recreation-tree-inventory?type=photo&format=entry_original&name=cdfc9e46-00e0-43d1-8d6e-bbd2743b8aec_1767206807.jpg,25,55,41,47,Good,"Has moss 
Diverges above breast height 
Spread may be inaccurate due to elevation",
96130c47-6201-4a03-a2d8-31433228db68,2025-12-31T18:37:13.000Z,2026-01-01T15:33:48.000Z,96130c47-6201-4a03-a2d8-31433228db68,"Winnie, Ike",39.672229,-75.750427,7,4391647,435638,18S,LEW,3,https://five.epicollect.net/api/media/newark-parks-and-recreation-tree-inventory?type=photo&format=entry_original&name=96130c47-6201-4a03-a2d8-31433228db68_1767205863.jpg,25,66,31,53,Good,Spread measurements may be inaccurate due to elevation,
3f9b7c3d-46ba-45f1-982c-843643e90561,2025-12-31T18:28:35.000Z,2026-01-01T15:33:43.000Z,3f9b7c3d-46ba-45f1-982c-843643e90561,"Winnie, Ike",39.672038,-75.750001,15,4391626,435674,18S,LEW,2,https://five.epicollect.net/api/media/newark-parks-and-recreation-tree-inventory?type=photo&format=entry_original&name=3f9b7c3d-46ba-45f1-982c-843643e90561_1767205520.jpg,25,63,35,40,Good,,
61bc5f9f-9553-4258-bc3e-197bfb34c334,2025-12-31T18:18:57.000Z,2026-01-01T15:33:38.000Z,61bc5f9f-9553-4258-bc3e-197bfb34c334,"Winnie, Ike",39.672357,-75.750193,11,4391661,435658,18S,LEW,1,https://five.epicollect.net/api/media/newark-parks-and-recreation-tree-inventory?type=photo&format=entry_original&name=61bc5f9f-9553-4258-bc3e-197bfb34c334_1767204983.jpg,31,79,72,70,Good,,
d06b1a50-fdd8-45fa-a6cd-b215fbdfd11f,2025-12-30T21:04:11.000Z,2025-12-30T21:13:30.000Z,d06b1a50-fdd8-45fa-a6cd-b215fbdfd11f,"Winnie, Ike",39.672291,-75.747629,4,4391652,435878,18S,JH-L,5,https://five.epicollect.net/api/media/newark-parks-and-recreation-tree-inventory?type=photo&format=entry_original&name=d06b1a50-fdd8-45fa-a6cd-b215fbdfd11f_1767128517.jpg,21,45,28,28,Fair,Fuzzy roots,
0da006d3-1e91-4fbf-9fba-cbdab24c57fc,2025-12-30T20:56:22.000Z,2025-12-30T21:13:25.000Z,0da006d3-1e91-4fbf-9fba-cbdab24c57fc,"Winnie, Ike",39.67229,-75.747649,5,4391652,435876,18S,JH-L,4,https://five.epicollect.net/api/media/newark-parks-and-recreation-tree-inventory?type=photo&format=entry_original&name=0da006d3-1e91-4fbf-9fba-cbdab24c57fc_1767128039.jpg,27,74,38,38,Fair,Fuzzy roots,
5e69acaa-4a15-42f7-99d5-7318d01d3fbc,2025-12-30T20:51:05.000Z,2025-12-30T21:13:20.000Z,5e69acaa-4a15-42f7-99d5-7318d01d3fbc,"Ike, Winnie",39.672289,-75.747901,4,4391652,435854,18S,JH-L,3,https://five.epicollect.net/api/media/newark-parks-and-recreation-tree-inventory?type=photo&format=entry_original&name=5e69acaa-4a15-42f7-99d5-7318d01d3fbc_1767127613.jpg,46,77,58,58,Fair,Tree has fuzzy roots,
f9492904-2cd4-4b35-8067-13b02e8dae6b,2025-12-30T20:29:16.000Z,2025-12-30T21:13:16.000Z,f9492904-2cd4-4b35-8067-13b02e8dae6b,"Winnie, Ike",39.672184,-75.748562,4,4391641,435798,18S,JH-L,2,https://five.epicollect.net/api/media/newark-parks-and-recreation-tree-inventory?type=photo&format=entry_original&name=f9492904-2cd4-4b35-8067-13b02e8dae6b_1767126511.jpg,35,58,59,59,Poor,Fuzz and fungus shown on tree. Part of the bark is missing and measurements may be inaccurate due to dangerous conditions to measure it. ( Pond behind tree tree surrounded by thorns),
af9b59e4-2f10-4b08-b7d4-05ed0b334aea,2025-12-30T20:14:05.000Z,2025-12-30T21:13:11.000Z,af9b59e4-2f10-4b08-b7d4-05ed0b334aea,"Winnie, Ike",39.671529,-75.749519,4,4391569,435715,18S,JH-L,1,https://five.epicollect.net/api/media/newark-parks-and-recreation-tree-inventory?type=photo&format=entry_original&name=af9b59e4-2f10-4b08-b7d4-05ed0b334aea_1767125574.jpg,25,72,44,44,Good,,
200801f6-56c0-46e6-8aea-cbccdf8c11a9,2025-12-30T17:53:46.000Z,2025-12-30T20:11:13.000Z,200801f6-56c0-46e6-8aea-cbccdf8c11a9,"Winnie, Ike",39.67144,-75.749769,4,4391559,435693,18S,JH-A,13,https://five.epicollect.net/api/media/newark-parks-and-recreation-tree-inventory?type=photo&format=entry_original&name=200801f6-56c0-46e6-8aea-cbccdf8c11a9_1767117114.jpg,44,63,62,62,Good,,
3c2f2307-3f89-41fc-9d35-982664f7625d,2025-12-30T17:47:29.000Z,2025-12-30T20:11:09.000Z,3c2f2307-3f89-41fc-9d35-982664f7625d,"Ike, Winnie",39.671328,-75.749814,4,4391547,435689,18S,JH-A,12,https://five.epicollect.net/api/media/newark-parks-and-recreation-tree-inventory?type=photo&format=entry_original&name=3c2f2307-3f89-41fc-9d35-982664f7625d_1767116802.jpg,40,80,37,37,Good,Diverges at trunk,
88201292-45ac-49a5-a53c-fcff7b9d9478,2025-12-30T17:36:30.000Z,2025-12-30T20:11:04.000Z,88201292-45ac-49a5-a53c-fcff7b9d9478,"Ike, Winnie",39.67111,-75.750456,13,4391523,435634,18S,JH-A,11,https://five.epicollect.net/api/media/newark-parks-and-recreation-tree-inventory?type=photo&format=entry_original&name=88201292-45ac-49a5-a53c-fcff7b9d9478_1767116618.jpg,51,80,48,35,Good,,
d1f5c48a-357f-4fdf-a7dd-bd172664b037,2025-12-30T17:18:44.000Z,2025-12-30T20:11:00.000Z,d1f5c48a-357f-4fdf-a7dd-bd172664b037,"Ike, Winnie",39.670839,-75.751329,5,4391494,435559,18S,JH-A,10,https://five.epicollect.net/api/media/newark-parks-and-recreation-tree-inventory?type=photo&format=entry_original&name=d1f5c48a-357f-4fdf-a7dd-bd172664b037_1767114862.jpg,41,55,32,32,Good,"Diverges at trunk splitting into two looks like someone took the bark off 
Surrounded by a lot of thorns",
d683de63-eef8-42ce-adfe-f9a34c7f8e21,2025-12-30T17:04:03.000Z,2025-12-30T20:10:55.000Z,d683de63-eef8-42ce-adfe-f9a34c7f8e21,"Winnie, Ike",39.670887,-75.751547,5,4391499,435540,18S,JH-A,9,https://five.epicollect.net/api/media/newark-parks-and-recreation-tree-inventory?type=photo&format=entry_original&name=d683de63-eef8-42ce-adfe-f9a34c7f8e21_1767113897.jpg,24,53,38,32,Good,,
5d88ad60-dd96-48ce-b716-40393f3b5613,2025-12-30T16:54:25.000Z,2025-12-30T20:10:51.000Z,5d88ad60-dd96-48ce-b716-40393f3b5613,"Winnie, Ike",39.670791,-75.751676,5,4391489,435529,18S,JH-A,8,https://five.epicollect.net/api/media/newark-parks-and-recreation-tree-inventory?type=photo&format=entry_original&name=5d88ad60-dd96-48ce-b716-40393f3b5613_1767112578.jpg,23,83,43,50,Good,,
a70e3ace-f4b7-4006-b6db-49c5750b427f,2025-12-30T16:32:05.000Z,2025-12-30T20:10:46.000Z,a70e3ace-f4b7-4006-b6db-49c5750b427f,"Ike, Winnie",39.670785,-75.751767,5,4391488,435521,18S,JH-A,7,https://five.epicollect.net/api/media/newark-parks-and-recreation-tree-inventory?type=photo&format=entry_original&name=a70e3ace-f4b7-4006-b6db-49c5750b427f_1767112007.jpg,33,53,25,54,Poor,This tree leans very heavily to the left and some of the branches point downward,
7ae44c23-260a-43df-9238-7c34625b2496,2025-12-30T16:13:34.000Z,2026-01-09T18:45:23.000Z,7ae44c23-260a-43df-9238-7c34625b2496,"Winnie, Ike",39.670587,-75.752204,3,4391466,435484,18S,JH-A,6,https://five.epicollect.net/api/media/newark-parks-and-recreation-tree-inventory?type=photo&format=entry_original&name=7ae44c23-260a-43df-9238-7c34625b2496_1767984281.jpg,25,77,35,35,Good,,
78d77262-2a20-4f48-8d64-8f2e7654f52e,2025-12-27T17:55:34.000Z,2025-12-30T20:10:42.000Z,78d77262-2a20-4f48-8d64-8f2e7654f52e,"Winnie, Ike",39.670651,-75.751709,6,4391473,435526,18S,JH-A,5,https://five.epicollect.net/api/media/newark-parks-and-recreation-tree-inventory?type=photo&format=entry_original&name=78d77262-2a20-4f48-8d64-8f2e7654f52e_1766858119.jpg,25,69,38,38,Good,,
7ebee119-e6b3-4c36-ac60-faee6423ac5c,2025-12-27T17:51:35.000Z,2025-12-30T20:10:27.000Z,7ebee119-e6b3-4c36-ac60-faee6423ac5c,"Winnie, Ike",39.670687,-75.751808,11,4391477,435518,18S,JH-A,4,https://five.epicollect.net/api/media/newark-parks-and-recreation-tree-inventory?type=photo&format=entry_original&name=7ebee119-e6b3-4c36-ac60-faee6423ac5c_1766857731.jpg,29,68,38,38,Good,,
47f86932-7ff1-45ee-968a-704e948723ee,2025-12-27T17:39:32.000Z,2025-12-30T20:10:18.000Z,47f86932-7ff1-45ee-968a-704e948723ee,"Winnie, Ike",39.670479,-75.7524,7,4391455,435467,18S,JH-A,3,https://five.epicollect.net/api/media/newark-parks-and-recreation-tree-inventory?type=photo&format=entry_original&name=47f86932-7ff1-45ee-968a-704e948723ee_1766856824.jpg,25,54,44,54,Fair,Seems bark has been peeled off of this tree,
3859df6c-f656-4428-ae25-cff587a9fa93,2025-12-27T17:23:57.000Z,2025-12-27T17:58:48.000Z,3859df6c-f656-4428-ae25-cff587a9fa93,"Winnie, Ike",39.670579,-75.752405,11,4391466,435467,18S,JH-A,2,https://five.epicollect.net/api/media/newark-parks-and-recreation-tree-inventory?type=photo&format=entry_original&name=3859df6c-f656-4428-ae25-cff587a9fa93_1766856229.jpg,24,58,31,31,Good,Grown moss,
0cb10baa-e631-4520-9349-f56a36547cdc,2025-12-27T17:16:50.000Z,2025-12-27T17:58:43.000Z,0cb10baa-e631-4520-9349-f56a36547cdc,"Ike, Winnie",39.67052,-75.752443,4,4391459,435463,18S,JH-A,1,https://five.epicollect.net/api/media/newark-parks-and-recreation-tree-inventory?type=photo&format=entry_original&name=0cb10baa-e631-4520-9349-f56a36547cdc_1766855456.jpg,29,56,44,44,Good,Growing green moss,
5bb63ebe-3616-4236-9f55-4d2ca2457e66,2025-12-22T18:04:44.000Z,2025-12-27T16:24:32.000Z,5bb63ebe-3616-4236-9f55-4d2ca2457e66,"Winnie, Ike",39.670026,-75.75436,8,4391406,435298,18S,JH-P,18,https://five.epicollect.net/api/media/newark-parks-and-recreation-tree-inventory?type=photo&format=entry_original&name=5bb63ebe-3616-4236-9f55-4d2ca2457e66_1766426673.jpg,2,9,7,5,Good,"Newly planted tree 
Support is 84.5 inches tall
Diverges above breast height",
c60ddb18-717f-45e0-980b-6b92b0067fc0,2025-12-22T18:03:21.000Z,2025-12-27T16:24:27.000Z,c60ddb18-717f-45e0-980b-6b92b0067fc0,"Winnie, Ike",39.669927,-75.754528,7,4391395,435284,18S,JH-P,17,https://five.epicollect.net/api/media/newark-parks-and-recreation-tree-inventory?type=photo&format=entry_original&name=c60ddb18-717f-45e0-980b-6b92b0067fc0_1766426471.jpg,1,9,5,6,Good,"Newly planted tree 
Support is 85.5 inches tall
Diverges above breast height",
53429b72-356a-426d-952a-84a677b1274d,2025-12-22T17:59:38.000Z,2025-12-27T16:24:22.000Z,53429b72-356a-426d-952a-84a677b1274d,"Winnie, Ike",39.669862,-75.754798,6,4391388,435261,18S,JH-P,16,https://five.epicollect.net/api/media/newark-parks-and-recreation-tree-inventory?type=photo&format=entry_original&name=53429b72-356a-426d-952a-84a677b1274d_1766426248.jpg,1,9,6,5,Good,"Newly planted tree 
Support is 82.5 inches tall",
02ecac86-c570-400d-89a2-d510e853d19f,2025-12-22T17:55:12.000Z,2025-12-27T16:24:18.000Z,02ecac86-c570-400d-89a2-d510e853d19f,"Winnie, Ike",39.669838,-75.754847,3,4391385,435256,18S,JH-P,15,https://five.epicollect.net/api/media/newark-parks-and-recreation-tree-inventory?type=photo&format=entry_original&name=02ecac86-c570-400d-89a2-d510e853d19f_1766426057.jpg,2,8,9,7,Good,Young Tree,
7b83107d-dd6c-4c1e-ac70-bc9ff7d7160d,2025-12-22T17:52:27.000Z,2025-12-27T16:24:13.000Z,7b83107d-dd6c-4c1e-ac70-bc9ff7d7160d,"Winnie, Ike",39.669833,-75.754915,5,4391385,435251,18S,JH-P,14,https://five.epicollect.net/api/media/newark-parks-and-recreation-tree-inventory?type=photo&format=entry_original&name=7b83107d-dd6c-4c1e-ac70-bc9ff7d7160d_1766425626.jpg,1,13,5,6,Good,"Newly planted tree 
Support is 83.2 inches tall",
9d8b2861-8da9-4747-8d94-b635c19711b4,2025-12-22T17:45:05.000Z,2025-12-27T16:24:09.000Z,9d8b2861-8da9-4747-8d94-b635c19711b4,"Winnie, Ike",39.66967,-75.755184,8,4391367,435227,18S,JH-P,13,https://five.epicollect.net/api/media/newark-parks-and-recreation-tree-inventory?type=photo&format=entry_original&name=9d8b2861-8da9-4747-8d94-b635c19711b4_1766425345.jpg,1,9,5,6,Good,"Newly planted tree 
Support is 83.2 inches tall",
eb2e8f46-1b21-4ee3-9d9b-8d53357879a3,2025-12-22T17:40:45.000Z,2025-12-27T16:24:04.000Z,eb2e8f46-1b21-4ee3-9d9b-8d53357879a3,"Winnie, Ike",39.669658,-75.755346,7,4391366,435213,18S,JH-P,12,https://five.epicollect.net/api/media/newark-parks-and-recreation-tree-inventory?type=photo&format=entry_original&name=eb2e8f46-1b21-4ee3-9d9b-8d53357879a3_1766425147.jpg,1,10,5,4,Good,"Newly planted tree 
Support is inches 83 inches tall",
021e8913-22f1-4bc2-b67e-45b0914d7aa1,2025-12-22T17:37:32.000Z,2025-12-27T16:23:59.000Z,021e8913-22f1-4bc2-b67e-45b0914d7aa1,"Winnie, Ike",39.669541,-75.755608,4,4391353,435191,18S,JH-P,11,https://five.epicollect.net/api/media/newark-parks-and-recreation-tree-inventory?type=photo&format=entry_original&name=021e8913-22f1-4bc2-b67e-45b0914d7aa1_1766424890.jpg,1,10,6,5,Good,"Newly planted tree 
Support is 74 inches tall",
61af250b-04de-4577-bc67-0da1cdfc4bee,2025-12-22T16:34:24.000Z,2025-12-27T16:23:55.000Z,61af250b-04de-4577-bc67-0da1cdfc4bee,"Winnie, Ike",39.669529,-75.755663,10,4391352,435186,18S,JH-P,10,https://five.epicollect.net/api/media/newark-parks-and-recreation-tree-inventory?type=photo&format=entry_original&name=61af250b-04de-4577-bc67-0da1cdfc4bee_1766421176.jpg,2,4,9,7,Good,Young Tree,
756b39bc-dad2-4a06-a377-51b3c34c01bc,2025-12-22T16:31:06.000Z,2025-12-27T16:23:50.000Z,756b39bc-dad2-4a06-a377-51b3c34c01bc,"Winnie, Ike",39.669485,-75.755738,4,4391347,435180,18S,JH-P,9,https://five.epicollect.net/api/media/newark-parks-and-recreation-tree-inventory?type=photo&format=entry_original&name=756b39bc-dad2-4a06-a377-51b3c34c01bc_1766420906.jpg,1,9,4,4,Good,"New planted Tree 
Support is 80 inches tall",
cb593579-70fe-4906-9224-bf24ce745fd5,2025-12-22T16:25:53.000Z,2025-12-27T16:23:45.000Z,cb593579-70fe-4906-9224-bf24ce745fd5,"Winnie, Ike",39.669462,-75.755997,5,4391344,435157,18S,JH-P,8,https://five.epicollect.net/api/media/newark-parks-and-recreation-tree-inventory?type=photo&format=entry_original&name=cb593579-70fe-4906-9224-bf24ce745fd5_1766420529.jpg,1,9,4,5,Good,"Newly planted tree 
Support is 61 inches tall",
980e3e78-cf51-4ec8-823b-cfeebd7e1352,2025-12-22T16:19:26.000Z,2025-12-27T16:23:41.000Z,980e3e78-cf51-4ec8-823b-cfeebd7e1352,"Winnie, Ike",39.669438,-75.756024,4,4391342,435155,18S,JH-P,7,https://five.epicollect.net/api/media/newark-parks-and-recreation-tree-inventory?type=photo&format=entry_original&name=980e3e78-cf51-4ec8-823b-cfeebd7e1352_1766420166.jpg,2,10,8,6,Good,Young Tree,
08472052-91dd-490a-bf95-c0e6e3b9ef57,2025-12-22T16:13:23.000Z,2025-12-27T16:23:36.000Z,08472052-91dd-490a-bf95-c0e6e3b9ef57,"Winnie, Ike",39.669464,-75.756038,8,4391345,435154,18S,JH-P,6,https://five.epicollect.net/api/media/newark-parks-and-recreation-tree-inventory?type=photo&format=entry_original&name=08472052-91dd-490a-bf95-c0e6e3b9ef57_1766419819.jpg,1,10,5,4,Good,"Newly planted tree 
Support is 60 inches tall",
ed0984ae-e1b8-4f14-adc0-7df1c45b1a5d,2025-12-22T16:06:05.000Z,2025-12-27T16:23:31.000Z,ed0984ae-e1b8-4f14-adc0-7df1c45b1a5d,"Winnie, Ike",39.669362,-75.756378,4,4391334,435125,18S,JH-P,5,https://five.epicollect.net/api/media/newark-parks-and-recreation-tree-inventory?type=photo&format=entry_original&name=ed0984ae-e1b8-4f14-adc0-7df1c45b1a5d_1766419342.jpg,2,5,10,9,Good,Young Tree,
117f5ec8-0c37-4ff5-a78c-7c72a0176d49,2025-12-22T16:00:14.000Z,2025-12-27T16:23:26.000Z,117f5ec8-0c37-4ff5-a78c-7c72a0176d49,"Winnie, Ike",39.669292,-75.756361,4,4391326,435126,18S,JH-P,4,https://five.epicollect.net/api/media/newark-parks-and-recreation-tree-inventory?type=photo&format=entry_original&name=117f5ec8-0c37-4ff5-a78c-7c72a0176d49_1766419029.jpg,1,12,4,5,Good,"Newly planted tree 
Support is 85 inches tall",
90dad3b7-9311-46a4-bc06-700d7ecd434f,2025-12-22T15:54:03.000Z,2025-12-27T16:23:22.000Z,90dad3b7-9311-46a4-bc06-700d7ecd434f,"Winnie, Ike",39.669322,-75.75662,8,4391329,435104,18S,JH-P,3,https://five.epicollect.net/api/media/newark-parks-and-recreation-tree-inventory?type=photo&format=entry_original&name=90dad3b7-9311-46a4-bc06-700d7ecd434f_1766418699.jpg,1,11,6,3,Good,"Newly planted tree 
Support is 79.7 inches tall",
9662cee2-b55f-4f11-ab49-b64253ce56df,2025-12-22T15:49:49.000Z,2025-12-27T16:23:17.000Z,9662cee2-b55f-4f11-ab49-b64253ce56df,"Winnie, Ike",39.669151,-75.756842,5,4391310,435085,18S,JH-P,2,https://five.epicollect.net/api/media/newark-parks-and-recreation-tree-inventory?type=photo&format=entry_original&name=9662cee2-b55f-4f11-ab49-b64253ce56df_1766418348.jpg,1,10,6,6,Good,"Newly planted tree 
Support is 80 inches tall 
Support is leaning",
b7636e65-007b-4474-a085-42c1b52114f5,2025-12-22T15:43:01.000Z,2025-12-27T16:23:13.000Z,b7636e65-007b-4474-a085-42c1b52114f5,"Winnie, Ike",39.669188,-75.756908,4,4391315,435079,18S,JH-P,1,https://five.epicollect.net/api/media/newark-parks-and-recreation-tree-inventory?type=photo&format=entry_original&name=b7636e65-007b-4474-a085-42c1b52114f5_1766417920.jpg,1,10,5,4,Good,"Newly planted tree 
Support is 76.5 inches tall
Support is leaning and isn't straight",
b8880f02-7921-430a-be21-a1b0d1f2abac,2025-12-17T20:02:12.000Z,2025-12-17T21:01:39.000Z,b8880f02-7921-430a-be21-a1b0d1f2abac,"Winnie, Ike",39.670331,-75.756007,5,4391441,435157,18S,PHIL,21,https://five.epicollect.net/api/media/newark-parks-and-recreation-tree-inventory?type=photo&format=entry_original&name=b8880f02-7921-430a-be21-a1b0d1f2abac_1766001500.jpg,23,95,27,27,Good,2nd spread is estimated,
a4884684-82b0-4c67-bf72-2cc5c159977f,2025-12-17T19:56:54.000Z,2025-12-17T21:01:38.000Z,a4884684-82b0-4c67-bf72-2cc5c159977f,"Winnie, Ike",39.670284,-75.756229,10,4391436,435138,18S,PHIL,20,https://five.epicollect.net/api/media/newark-parks-and-recreation-tree-inventory?type=photo&format=entry_original&name=a4884684-82b0-4c67-bf72-2cc5c159977f_1766001101.jpg,21,101,30,30,Good,2nd spread is estimated,
33c43566-cf89-418c-9ebc-8d9da3c7dcdb,2025-12-17T19:48:13.000Z,2025-12-17T21:01:36.000Z,33c43566-cf89-418c-9ebc-8d9da3c7dcdb,"Winnie, Ike",39.670287,-75.75632,10,4391436,435130,18S,PHIL,19,https://five.epicollect.net/api/media/newark-parks-and-recreation-tree-inventory?type=photo&format=entry_original&name=33c43566-cf89-418c-9ebc-8d9da3c7dcdb_1766000590.jpg,21,100,32,32,Poor,Bark is damaged with sap seeping out.,
a2a9e9b3-247b-48e8-986d-b09544c2ec07,2025-12-17T19:40:04.000Z,2025-12-17T21:01:34.000Z,a2a9e9b3-247b-48e8-986d-b09544c2ec07,"Winnie, Ike",39.670375,-75.756634,10,4391446,435104,18S,PHIL,18,https://five.epicollect.net/api/media/newark-parks-and-recreation-tree-inventory?type=photo&format=entry_original&name=a2a9e9b3-247b-48e8-986d-b09544c2ec07_1766000033.jpg,23,138,35,35,Good,2nd spread is estimated ,
12608981-b42f-41b0-b48d-b317d2d83f18,2025-12-17T19:16:28.000Z,2025-12-17T21:01:33.000Z,12608981-b42f-41b0-b48d-b317d2d83f18,"Winnie, Ike",39.670323,-75.75736,10,4391441,435041,18S,PHIL,17,https://five.epicollect.net/api/media/newark-parks-and-recreation-tree-inventory?type=photo&format=entry_original&name=12608981-b42f-41b0-b48d-b317d2d83f18_1765998605.jpg,28,106,56,44,Good,,
aa13c793-be8f-4f6b-aaa1-38eb5fbf6a0c,2025-12-17T19:03:12.000Z,2025-12-17T21:01:31.000Z,aa13c793-be8f-4f6b-aaa1-38eb5fbf6a0c,"Winnie, Ike",39.670365,-75.758208,5,4391446,434969,18S,PHIL,16,https://five.epicollect.net/api/media/newark-parks-and-recreation-tree-inventory?type=photo&format=entry_original&name=aa13c793-be8f-4f6b-aaa1-38eb5fbf6a0c_1765997409.jpg,33,98,50,50,Good,"Data may vary (Measured from elevated ground to lower grounds; tree is located on lower grounds). Next to a shed. Multi-branch, measured from before the branches diverges.",
48183965-1ed5-4167-9683-83074fa8709b,2025-12-17T18:46:38.000Z,2025-12-27T15:28:37.000Z,48183965-1ed5-4167-9683-83074fa8709b,"Winnie, Ike",39.670298,-75.758079,22,4391439,434980,18S,PHIL,15,https://five.epicollect.net/api/media/newark-parks-and-recreation-tree-inventory?type=photo&format=entry_original&name=48183965-1ed5-4167-9683-83074fa8709b_1765997043.jpg,4,41,6,8,Good,"Young Tree
No support",
0c7f6b69-8bd4-458f-a805-b9726fce88b0,2025-12-17T18:39:02.000Z,2025-12-27T15:33:05.000Z,0c7f6b69-8bd4-458f-a805-b9726fce88b0,"Winnie, Ike",39.670046,-75.757654,16,4391410,435016,18S,PHIL,14,https://five.epicollect.net/api/media/newark-parks-and-recreation-tree-inventory?type=photo&format=entry_original&name=0c7f6b69-8bd4-458f-a805-b9726fce88b0_1765996495.jpg,3,16,6,8,Good,"Young Tree
No support
Diverges above breast height",
fc962476-af64-48af-9c61-134fb61994d1,2025-12-17T18:31:33.000Z,2025-12-27T15:33:00.000Z,fc962476-af64-48af-9c61-134fb61994d1,"Winnie, Ike",39.670017,-75.757987,8,4391407,434987,18S,PHIL,13,https://five.epicollect.net/api/media/newark-parks-and-recreation-tree-inventory?type=photo&format=entry_original&name=fc962476-af64-48af-9c61-134fb61994d1_1765996077.jpg,4,30,8,6,Good,"Young Tree
Diverges above breast height
No support",
5287ded6-7c2d-4329-b077-0892dfc11fa1,2025-12-17T18:23:24.000Z,2025-12-27T16:22:31.000Z,5287ded6-7c2d-4329-b077-0892dfc11fa1,"Winnie, Ike",39.669969,-75.758015,3,4391402,434985,18S,PHIL,12,https://five.epicollect.net/api/media/newark-parks-and-recreation-tree-inventory?type=photo&format=entry_original&name=5287ded6-7c2d-4329-b077-0892dfc11fa1_1765995625.jpg,1,7,1,1,Good,"Newly planted tree 
Support is 85 iinches",
da66b530-9524-467a-bdaa-61bedcb201a0,2025-12-17T17:26:22.000Z,2025-12-27T16:23:08.000Z,da66b530-9524-467a-bdaa-61bedcb201a0,"Winnie, Ike",39.669055,-75.757489,12,4391300,435029,18S,PHIL,11,https://five.epicollect.net/api/media/newark-parks-and-recreation-tree-inventory?type=photo&format=entry_original&name=da66b530-9524-467a-bdaa-61bedcb201a0_1765992370.jpg,1,12,4,5,Good,"Newly planted tree 
Support is 80 inches",
87f9130d-284b-4abc-96df-a55be8f300c9,2025-12-17T17:24:05.000Z,2025-12-27T16:23:04.000Z,87f9130d-284b-4abc-96df-a55be8f300c9,"Winnie, Ike",39.669127,-75.757656,4,4391308,435015,18S,PHIL,10,https://five.epicollect.net/api/media/newark-parks-and-recreation-tree-inventory?type=photo&format=entry_original&name=87f9130d-284b-4abc-96df-a55be8f300c9_1765992136.jpg,2,12,6,7,Good,Young Tree,
2e74d08c-3022-45a6-8099-25c8c41c3547,2025-12-17T17:03:03.000Z,2025-12-17T17:14:40.000Z,2e74d08c-3022-45a6-8099-25c8c41c3547,"Winnie, Ike",39.668814,-75.75856,3,4391274,434937,18S,PHIL,9,https://five.epicollect.net/api/media/newark-parks-and-recreation-tree-inventory?type=photo&format=entry_original&name=2e74d08c-3022-45a6-8099-25c8c41c3547_1765990714.jpg,24,76,32,38,Good,,
d2e3dc75-281b-4a51-8744-7034f63c9d85,2025-12-17T16:48:21.000Z,2025-12-17T16:55:30.000Z,d2e3dc75-281b-4a51-8744-7034f63c9d85,"Winnie, Ike",39.669391,-75.75837,3,4391338,434954,18S,PHIL,8,https://five.epicollect.net/api/media/newark-parks-and-recreation-tree-inventory?type=photo&format=entry_original&name=d2e3dc75-281b-4a51-8744-7034f63c9d85_1765989793.jpg,23,86,48,42,Good,,
4544e24d-bc6b-4351-b8d7-f3d015462574,2025-12-17T16:35:10.000Z,2025-12-17T16:55:25.000Z,4544e24d-bc6b-4351-b8d7-f3d015462574,"Winnie, Ike",39.669408,-75.758122,4,4391340,434975,18S,PHIL,7,https://five.epicollect.net/api/media/newark-parks-and-recreation-tree-inventory?type=photo&format=entry_original&name=4544e24d-bc6b-4351-b8d7-f3d015462574_1765988983.jpg,23,70,37,40,Good,,
da4f594e-fe03-4abf-a499-c9f09e959cbf,2025-12-17T16:17:46.000Z,2025-12-27T16:22:54.000Z,da4f594e-fe03-4abf-a499-c9f09e959cbf,"Winnie, Ike",39.668918,-75.758482,6,4391286,434944,18S,PHIL,5,https://five.epicollect.net/api/media/newark-parks-and-recreation-tree-inventory?type=photo&format=entry_original&name=da4f594e-fe03-4abf-a499-c9f09e959cbf_1765988227.jpg,1,13,4,5,Good,"Newly planted tree 
Support is 83 inches tall",
54404bd7-3242-44a0-b814-b9aa84409570,2025-12-17T16:13:00.000Z,2025-12-27T16:22:59.000Z,54404bd7-3242-44a0-b814-b9aa84409570,"Winnie, Ike",39.668986,-75.758563,6,4391293,434937,18S,PHIL,6,https://five.epicollect.net/api/media/newark-parks-and-recreation-tree-inventory?type=photo&format=entry_original&name=54404bd7-3242-44a0-b814-b9aa84409570_1765987799.jpg,1,12,2,2,Good,"Newly planted tree 
Support of 81 inches",
c286cf76-da40-41ad-9b46-4ece6687cc33,2025-12-17T16:03:43.000Z,2025-12-27T16:22:49.000Z,c286cf76-da40-41ad-9b46-4ece6687cc33,"Winnie, Ike",39.668958,-75.758443,4,4391290,434947,18S,PHIL,4,https://five.epicollect.net/api/media/newark-parks-and-recreation-tree-inventory?type=photo&format=entry_original&name=c286cf76-da40-41ad-9b46-4ece6687cc33_1765987195.jpg,2,12,3,4,Good,"Newly planted tree 
Support is 78
Diverges above breast height",
9b65cc36-fdad-41dd-afeb-80b7d7ef6c8c,2025-12-17T15:49:49.000Z,2025-12-27T16:22:44.000Z,9b65cc36-fdad-41dd-afeb-80b7d7ef6c8c,"Winnie, Ike",39.668942,-75.758181,4,4391288,434970,18S,PHIL,3,https://five.epicollect.net/api/media/newark-parks-and-recreation-tree-inventory?type=photo&format=entry_original&name=9b65cc36-fdad-41dd-afeb-80b7d7ef6c8c_1765986335.jpg,1,14,3,3,Good,"Newly planted tree 
Has a support that is 77.5 inches",
9a79d31c-f4cd-44df-b343-a4a072aa3d9e,2025-12-17T15:40:20.000Z,2025-12-27T16:22:40.000Z,9a79d31c-f4cd-44df-b343-a4a072aa3d9e,"Winnie, Ike",39.66896,-75.758135,6,4391290,434974,18S,PHIL,2,https://five.epicollect.net/api/media/newark-parks-and-recreation-tree-inventory?type=photo&format=entry_original&name=9a79d31c-f4cd-44df-b343-a4a072aa3d9e_1765985706.jpg,1,13,5,3,Good,"Newly planted tree
This tree has a support that is 74 inches tall",
a01ffb0a-abd5-4584-ac2c-d7fca0ca2ab5,2025-12-17T15:30:33.000Z,2025-12-27T16:22:35.000Z,a01ffb0a-abd5-4584-ac2c-d7fca0ca2ab5,"Ike, Winnie",39.668976,-75.757992,6,4391292,434986,18S,PHIL,1,https://five.epicollect.net/api/media/newark-parks-and-recreation-tree-inventory?type=photo&format=entry_original&name=a01ffb0a-abd5-4584-ac2c-d7fca0ca2ab5_1765984864.jpg,1,5,5,3,Good,Newly planted tree,
